<?xml version="1.0" encoding="UTF-8"?>
<project-private xmlns="http://www.netbeans.org/ns/project-private/1">
    <editor-bookmarks xmlns="http://www.netbeans.org/ns/editor-bookmarks/2" lastBookmarkId="0"/>
    <open-files xmlns="http://www.netbeans.org/ns/projectui-open-files/2">
        <group>
            <file>file:/D:/htdocs/MiShopWebFirebase/application/config/config.php</file>
            <file>file:/D:/htdocs/MiShopWebFirebase/application/controllers/Spinner.php</file>
            <file>file:/D:/htdocs/MiShopWebFirebase/application/config/database.php</file>
            <file>file:/D:/htdocs/MiShopWebFirebase/application/controllers/A_dashboard.php</file>
            <file>file:/D:/htdocs/MiShopWebFirebase/application/views/admin/spinner/list_spinner.php</file>
            <file>file:/D:/htdocs/MiShopWebFirebase/application/views/admin/spinner/detail.php</file>
            <file>file:/D:/htdocs/MiShopWebFirebase/application/controllers/A_acc.php</file>
        </group>
    </open-files>
</project-private>
