<?xml version="1.0" encoding="UTF-8"?>
<project-private xmlns="http://www.netbeans.org/ns/project-private/1">
    <editor-bookmarks xmlns="http://www.netbeans.org/ns/editor-bookmarks/2" lastBookmarkId="0"/>
    <open-files xmlns="http://www.netbeans.org/ns/projectui-open-files/2">
        <group>
            <file>file:/D:/htdocs/MiShopWebFirebase/application/controllers/A_data.php</file>
            <file>file:/D:/htdocs/MiShopWebFirebase/application/views/admin/data/customer.php</file>
            <file>file:/D:/htdocs/MiShopWebFirebase/application/views/admin/data/mitra_suspend.php</file>
            <file>file:/D:/htdocs/MiShopWebFirebase/application/views/admin/data/mitra.php</file>
            <file>file:/D:/htdocs/MiShopWebFirebase/application/views/admin/data/mitra_income.php</file>
            <file>file:/D:/htdocs/MiShopWebFirebase/application/views/admin/report/form_income_mishop.php</file>
        </group>
    </open-files>
</project-private>
